"Time (s)"	"Acceleration x (m/s^2)"	"Acceleration y (m/s^2)"	"Acceleration z (m/s^2)"	"Absolute acceleration (m/s^2)"
7,089906940E-1	5,551348329E-1	3,110669553E-1	9,714859962E0	9,735678786E0
7,101865790E-1	5,575276613E-1	3,134597540E-1	9,707681656E0	9,728729477E0
7,113825170E-1	5,527420044E-1	3,158525825E-1	9,707681656E0	9,728533790E0
7,125784540E-1	5,479564071E-1	3,182454109E-1	9,702896118E0	9,723565675E0
7,137743400E-1	5,670989752E-1	3,254238665E-1	9,707681656E0	9,729675486E0
7,149702770E-1	5,886343718E-1	3,278166950E-1	9,712467194E0	9,735808811E0
7,161661630E-1	5,838487148E-1	3,302095234E-1	9,714859962E0	9,737988588E0
7,173621000E-1	5,862415433E-1	3,278166950E-1	9,712467194E0	9,735664431E0
7,185580380E-1	5,958128572E-1	3,206382394E-1	9,707681656E0	9,731232449E0
7,197539230E-1	6,029912829E-1	3,062812984E-1	9,712467194E0	9,735986119E0
7,209498600E-1	6,125625968E-1	2,967100143E-1	9,717252731E0	9,741061052E0
7,221457460E-1	6,197410822E-1	2,991028428E-1	9,714859962E0	9,739201487E0
7,233416830E-1	6,269195080E-1	2,919243574E-1	9,722038269E0	9,746603306E0
7,245376210E-1	6,340979934E-1	2,799602449E-1	9,745966911E0	9,770584887E0
7,257335060E-1	6,269195080E-1	2,679961324E-1	9,757930756E0	9,781720842E0
7,269294440E-1	6,197410822E-1	2,632105052E-1	9,748359680E0	9,771585093E0
7,281253810E-1	6,269195080E-1	2,632105052E-1	9,750752449E0	9,774429966E0
7,293212670E-1	6,340979934E-1	2,608176768E-1	9,760323524E0	9,784376394E0
7,305172040E-1	6,412764788E-1	2,584248483E-1	9,772287369E0	9,796714722E0
7,317130900E-1	6,460621357E-1	2,632105052E-1	9,774680138E0	9,799543247E0
7,329090270E-1	6,556333899E-1	2,703889608E-1	9,762716293E0	9,788441896E0
7,341049130E-1	6,604190469E-1	2,799602449E-1	9,762716293E0	9,789032663E0
7,353008500E-1	6,699903607E-1	2,823530734E-1	9,760323524E0	9,787365613E0
7,364967880E-1	6,747759581E-1	2,823530734E-1	9,753145218E0	9,780536156E0
7,376926730E-1	6,867401004E-1	2,871387303E-1	9,748359680E0	9,776736525E0
7,388886100E-1	7,082754970E-1	2,823530734E-1	9,741181374E0	9,770977023E0
7,400844960E-1	7,274180651E-1	2,943171859E-1	9,734002113E0	9,765580208E0
7,412804330E-1	7,465606928E-1	3,134597540E-1	9,719645500E0	9,753313208E0
7,424763710E-1	7,609176040E-1	3,254238665E-1	9,712467194E0	9,747662042E0
7,436722560E-1	7,633104324E-1	3,373879790E-1	9,712467194E0	9,748255867E0
7,448681940E-1	7,680960894E-1	3,373879790E-1	9,707681656E0	9,743863986E0
7,460641310E-1	7,728816867E-1	3,302095234E-1	9,717252731E0	9,753531928E0
7,472600170E-1	7,704889178E-1	3,254238665E-1	9,719645500E0	9,755565720E0
7,484559540E-1	7,657032609E-1	3,182454109E-1	9,710074425E0	9,745415689E0
7,496518400E-1	7,728816867E-1	3,158525825E-1	9,698110580E0	9,733984682E0
7,508477770E-1	7,848458290E-1	3,158525825E-1	9,690931320E0	9,727789866E0
7,520437150E-1	7,824530005E-1	3,086741269E-1	9,698110580E0	9,734519056E0
7,532396000E-1	7,752745152E-1	3,014956415E-1	9,698110580E0	9,733719691E0
7,544355380E-1	7,776673436E-1	2,895315289E-1	9,698110580E0	9,733547341E0
7,556314230E-1	7,848458290E-1	2,847459018E-1	9,705288887E0	9,741134204E0
7,568273600E-1	7,920243144E-1	2,871387303E-1	9,710074425E0	9,746553057E0
7,580232980E-1	7,968099117E-1	2,799602449E-1	9,712467194E0	9,749118050E0
7,592191830E-1	8,015955687E-1	2,679961324E-1	9,712467194E0	9,749174138E0
7,604151210E-1	7,968099117E-1	2,608176768E-1	9,710074425E0	9,746203221E0
7,616110060E-1	7,824530005E-1	2,584248483E-1	9,714859962E0	9,749744622E0
7,628069440E-1	7,728816867E-1	2,632105052E-1	9,717252731E0	9,751493553E0
7,640028810E-1	7,633104324E-1	2,751746178E-1	9,707681656E0	9,741532067E0
7,651987670E-1	7,561319470E-1	2,823530734E-1	9,683753014E0	9,717331486E0
7,663947040E-1	7,513462901E-1	2,895315289E-1	9,657432556E0	9,690941819E0
7,675905900E-1	7,417750359E-1	2,895315289E-1	9,635896683E0	9,668741572E0
7,687865270E-1	7,369893789E-1	2,775674164E-1	9,616754532E0	9,648946302E0
7,699824650E-1	7,465606928E-1	2,632105052E-1	9,604789734E0	9,637355367E0
7,711783500E-1	7,537391186E-1	2,512463629E-1	9,595218658E0	9,628056320E0
7,723742880E-1	7,633104324E-1	2,344966233E-1	9,576076508E0	9,609311774E0
7,735701730E-1	7,776673436E-1	2,201396823E-1	9,554540634E0	9,588663865E0
7,747661100E-1	7,848458290E-1	2,057827413E-1	9,530612946E0	9,565088219E0
7,759620480E-1	7,776673436E-1	1,986042857E-1	9,504291534E0	9,538121814E0
7,771579330E-1	7,728816867E-1	1,962114573E-1	9,501898766E0	9,535298904E0
7,783538710E-1	7,824530005E-1	1,986042857E-1	9,509077072E0	9,543281570E0
7,795497560E-1	7,944171429E-1	1,914258152E-1	9,482755661E0	9,517898789E0
7,807456940E-1	7,968099117E-1	1,770688742E-1	9,442078590E0	9,477294315E0
7,819416310E-1	7,824530005E-1	1,603191197E-1	9,408578873E0	9,442419781E0
7,831375170E-1	7,633104324E-1	1,339980662E-1	9,382257462E0	9,414210183E0
7,843334540E-1	7,345965505E-1	9,571290761E-2	9,353543282E0	9,382833526E0
7,855293920E-1	7,034898400E-1	7,178468257E-2	9,343972206E0	9,370691948E0
7,867252770E-1	6,675975323E-1	5,264209956E-2	9,339186668E0	9,363165345E0
7,879212150E-1	6,269195080E-1	4,067798331E-2	9,315258980E0	9,336419690E0
7,891171000E-1	5,838487148E-1	3,828516230E-2	9,274580956E0	9,293018722E0
7,903130380E-1	5,551348329E-1	3,589234129E-2	9,238688469E0	9,255421523E0
7,915089750E-1	5,240281820E-1	3,110669367E-2	9,209974289E0	9,224922740E0
7,927048600E-1	4,785645306E-1	3,349951655E-2	9,171689034E0	9,184227020E0
7,939007980E-1	4,450650215E-1	4,307080805E-2	9,131011009E0	9,141952746E0
7,950966830E-1	4,354937077E-1	4,785645381E-2	9,097511292E0	9,108054496E0
7,962926210E-1	4,546363056E-1	4,546362907E-2	9,068798065E0	9,080300626E0
7,974885580E-1	4,833501875E-1	6,460621208E-2	9,023334503E0	9,036501918E0
7,986844440E-1	4,881358147E-1	8,853443712E-2	8,956335068E0	8,970064257E0
7,998803810E-1	4,809573591E-1	1,052841991E-1	8,894122124E0	8,907738944E0
8,010762670E-1	4,737788737E-1	1,268195957E-1	8,839086533E0	8,852683229E0
8,022722040E-1	4,666004181E-1	1,339980662E-1	8,791230202E0	8,804623779E0
8,034681420E-1	4,618147612E-1	1,220339537E-1	8,750552177E0	8,763579666E0
8,046640270E-1	4,642075896E-1	1,028913707E-1	8,700303078E0	8,713285773E0
8,058599650E-1	4,666004181E-1	7,896314561E-2	8,652446747E0	8,665378574E0
8,070558500E-1	4,666004181E-1	4,785645381E-2	8,611768723E0	8,624532841E0
8,082517880E-1	4,570291340E-1	1,914258115E-2	8,585447311E0	8,597624533E0
8,094477250E-1	4,378865361E-1	-7,178467698E-3	8,571090698E0	8,582271955E0
8,106436100E-1	3,900300860E-1	-2,632104978E-2	8,580661774E0	8,589561848E0
8,118395480E-1	3,445664644E-1	-4,546362907E-2	8,609375954E0	8,616388298E0
8,130354850E-1	3,302095234E-1	-6,460621208E-2	8,638090134E0	8,644640736E0
8,142313710E-1	3,302095234E-1	-7,657032460E-2	8,659625053E0	8,666256828E0
8,154273080E-1	3,397808075E-1	-8,853443712E-2	8,671588898E0	8,678694796E0
8,166231940E-1	3,541377485E-1	-9,571290761E-2	8,669196129E0	8,676954306E0
8,178191310E-1	3,828516304E-1	-1,028913707E-1	8,640482903E0	8,649572636E0
8,190150170E-1	4,354937077E-1	-1,076770201E-1	8,595019341E0	8,606718688E0
8,202109540E-1	5,048855543E-1	-1,100698411E-1	8,561519623E0	8,577099920E0
8,214068920E-1	5,599204898E-1	-1,124626622E-1	8,563912392E0	8,582933896E0
8,226027770E-1	6,197410822E-1	-8,374879509E-2	8,602197647E0	8,624899839E0
8,237987150E-1	5,814558864E-1	2,297109663E-1	8,585447311E0	8,608180041E0
8,249946520E-1	4,713860750E-1	6,987041831E-1	8,513663292E0	8,555282287E0
8,261905380E-1	4,211367965E-1	9,667003751E-1	8,513663292E0	8,578713684E0
8,273864750E-1	4,115654826E-1	1,064806104E0	8,556734085E0	8,632548661E0
8,285823600E-1	4,259224236E-1	1,067198873E0	8,559126854E0	8,635911987E0
8,297782980E-1	4,498506486E-1	1,012163997E0	8,508877754E0	8,580666769E0
8,309742350E-1	4,689932466E-1	9,379864931E-1	8,370093346E0	8,435534123E0
8,321701210E-1	4,594219327E-1	9,020941257E-1	8,147561073E0	8,210212772E0
8,333660580E-1	4,283152521E-1	8,638089895E-1	7,903493404E0	7,962086907E0
8,345619440E-1	3,852444589E-1	7,800601721E-1	7,700103283E0	7,749096575E0
8,357578810E-1	3,637090325E-1	6,723831892E-1	7,578069210E0	7,616529155E0
8,369537670E-1	3,637090325E-1	5,407779217E-1	7,479963779E0	7,508300950E0
8,381497040E-1	3,637090325E-1	3,828516304E-1	7,350750923E0	7,369694618E0
8,393456420E-1	3,589234054E-1	2,105683982E-1	7,183253765E0	7,195297055E0
8,405415270E-1	3,493520916E-1	3,589234129E-2	6,891329288E0	6,900272060E0
8,417374650E-1	3,038884699E-1	-1,363908947E-1	6,372086525E0	6,380786578E0
8,429334020E-1	2,656033039E-1	-2,823530734E-1	5,974878311E0	5,987440121E0
8,441292880E-1	2,703889608E-1	-4,067798555E-1	5,869594097E0	5,889882419E0
8,453252250E-1	2,799602449E-1	-5,168496966E-1	5,845665932E0	5,875144384E0
8,465211100E-1	2,919243574E-1	-5,862415433E-1	5,742774487E0	5,779996348E0
8,477170480E-1	2,991028428E-1	-6,101697683E-1	5,324030399E0	5,367221753E0
8,489129850E-1	3,445664644E-1	-4,307080805E-1	3,929014683E0	3,967542297E0
8,501088710E-1	3,972085714E-1	-1,507478207E-1	2,153540373E0	2,195047993E0
8,513048080E-1	4,139583111E-1	1,674975827E-2	1,115055323E0	1,189533694E0
8,525006940E-1	3,972085714E-1	1,076770201E-1	6,556333899E-1	7,740956865E-1
8,536966310E-1	3,637090325E-1	1,363908947E-1	5,048855543E-1	6,370213179E-1
8,548925690E-1	3,254238665E-1	1,316052526E-1	3,924229145E-1	5,265134179E-1
8,560884540E-1	2,584248483E-1	6,699903309E-2	3,589234129E-2	2,693706235E-1
8,572843920E-1	1,722832322E-1	-9,571290575E-3	-2,105683982E-1	2,722355084E-1
8,584802770E-1	1,100698411E-1	-4,785645381E-2	-9,810572863E-2	1,550172380E-1
8,596762150E-1	6,939185411E-2	-6,221338734E-2	-2,392822644E-3	9,322800320E-2
8,608721520E-1	4,546362907E-2	-6,699903309E-2	1,196411345E-2	8,184712588E-2
8,620680380E-1	4,067798331E-2	-6,699903309E-2	9,571290575E-3	7,896314561E-2
8,632639750E-1	3,589234129E-2	-5,503492057E-2	7,178467698E-3	6,609563559E-2
8,644599130E-1	3,349951655E-2	-5,503492057E-2	-4,785645287E-3	6,460621094E-2
8,656557980E-1	3,828516230E-2	-5,742774159E-2	-1,196411345E-2	7,004883416E-2
8,668517350E-1	4,546362907E-2	-6,460621208E-2	-1,196411345E-2	7,990021413E-2
8,680476210E-1	3,589234129E-2	-7,417750359E-2	-2,392822644E-3	8,243960093E-2
8,692435580E-1	2,153540403E-2	-7,896314561E-2	-2,392822644E-3	8,188209567E-2
8,704394960E-1	9,571290575E-3	-7,417750359E-2	-7,178467698E-3	7,513615668E-2
8,716353810E-1	1,435693540E-2	-6,460621208E-2	-4,785645287E-3	6,635500459E-2
8,728313190E-1	2,153540403E-2	-6,221338734E-2	-4,785645287E-3	6,600895085E-2
8,740272040E-1	2,632104978E-2	-6,460621208E-2	-1,196411345E-2	7,078064927E-2
8,752231420E-1	2,392822690E-2	-6,460621208E-2	-9,571290575E-3	6,955668397E-2
8,764190790E-1	2,392822690E-2	-5,742774159E-2	-1,196411345E-2	6,335333896E-2
8,776149650E-1	2,392822690E-2	-5,742774159E-2	-1,196411345E-2	6,335333896E-2
8,788109020E-1	1,914258115E-2	-5,503492057E-2	-9,571290575E-3	5,904989838E-2
8,800067880E-1	1,196411345E-2	-5,264209956E-2	-7,178467698E-3	5,445971957E-2
8,812027250E-1	1,435693540E-2	-6,460621208E-2	2,392822644E-3	6,622544702E-2
8,823986630E-1	2,392822690E-2	-7,657032460E-2	4,785645287E-3	8,036465052E-2
8,835945480E-1	3,110669367E-2	-7,417750359E-2	9,571290575E-3	8,100332112E-2
8,847904850E-1	1,914258115E-2	-7,417750359E-2	9,571290575E-3	7,720330339E-2
8,859863710E-1	0,000000000E0	-7,417750359E-2	2,392822644E-3	7,421608746E-2
8,871823080E-1	-9,571290575E-3	-7,417750359E-2	-4,785645287E-3	7,494540708E-2
8,883782460E-1	-0,000000000E0	-7,417750359E-2	-9,571290575E-3	7,479245712E-2
8,895741310E-1	1,435693540E-2	-7,178468257E-2	-4,785645287E-3	7,336255616E-2
8,907700690E-1	1,435693540E-2	-7,417750359E-2	9,571290575E-3	7,615794926E-2
8,919659540E-1	1,196411345E-2	-7,417750359E-2	1,674975827E-2	7,698049397E-2
8,931618920E-1	9,571290575E-3	-8,135596663E-2	7,178467698E-3	8,223097535E-2
8,943578290E-1	9,571290575E-3	-8,135596663E-2	-2,392822644E-3	8,195198905E-2
8,955537150E-1	4,785645287E-3	-6,939185411E-2	0,000000000E0	6,955668061E-2
8,967496520E-1	-9,571290575E-3	-5,982056633E-2	4,785645287E-3	6,077015846E-2
8,979455900E-1	-1,914258115E-2	-6,221338734E-2	2,392822644E-3	6,513577802E-2
8,991414750E-1	-1,196411345E-2	-7,417750359E-2	-4,785645287E-3	7,528840847E-2
9,003374130E-1	1,196411345E-2	-7,896314561E-2	-9,571290575E-3	8,043586252E-2
9,015332980E-1	9,571290575E-3	-8,135596663E-2	-7,178467698E-3	8,223097535E-2
9,027292350E-1	-4,785645287E-3	-8,614161611E-2	2,392822644E-3	8,630762438E-2
9,039251730E-1	7,178467698E-3	-8,614161611E-2	1,674975827E-2	8,804807111E-2
9,051210580E-1	2,153540403E-2	-7,417750359E-2	1,914258115E-2	7,957709518E-2
9,063169960E-1	2,632104978E-2	-6,221338734E-2	1,435693540E-2	6,906102244E-2
9,075128810E-1	1,674975827E-2	-5,742774159E-2	1,914258115E-2	6,280874397E-2
9,087088190E-1	1,196411345E-2	-6,221338734E-2	2,392822690E-2	6,772152994E-2
9,099047560E-1	1,674975827E-2	-7,178468257E-2	2,392822690E-2	7,749938772E-2
9,111006420E-1	2,153540403E-2	-7,657032460E-2	2,153540403E-2	8,240486553E-2
9,122965790E-1	2,632104978E-2	-8,374879509E-2	1,674975827E-2	8,937120757E-2
9,134924650E-1	2,632104978E-2	-8,853443712E-2	1,674975827E-2	9,387064834E-2
9,146884020E-1	2,153540403E-2	-8,614161611E-2	2,632104978E-2	9,261182059E-2
9,158843400E-1	9,571290575E-3	-7,896314561E-2	3,589234129E-2	8,726424314E-2
9,170802250E-1	4,785645287E-3	-6,939185411E-2	3,349951655E-2	7,720329932E-2
9,182761630E-1	7,178467698E-3	-7,417750359E-2	2,871387079E-2	7,986437762E-2
9,194720480E-1	1,674975827E-2	-7,178468257E-2	3,349951655E-2	8,096797307E-2
9,206679850E-1	2,871387079E-2	-5,982056633E-2	4,067798331E-2	7,783113039E-2
9,218639230E-1	2,392822690E-2	-5,503492057E-2	3,589234129E-2	6,992612307E-2
9,230598080E-1	1,674975827E-2	-6,221338734E-2	2,392822690E-2	6,872859674E-2
9,242557460E-1	2,392822644E-3	-6,699903309E-2	1,914258115E-2	6,972111910E-2
9,254516310E-1	-2,392822644E-3	-5,982056633E-2	2,632104978E-2	6,539895578E-2
9,266475690E-1	2,392822644E-3	-5,024927482E-2	3,349951655E-2	6,043949726E-2
9,278435060E-1	7,178467698E-3	-4,546362907E-2	3,589234129E-2	5,836721793E-2
9,290393920E-1	0,000000000E0	-5,264209956E-2	2,632104978E-2	5,885565655E-2
9,302353290E-1	-1,435693540E-2	-5,503492057E-2	2,392822690E-2	6,170513852E-2
9,314312150E-1	-9,571290575E-3	-6,221338734E-2	2,871387079E-2	6,918526970E-2
9,326271520E-1	2,392822644E-3	-7,178468257E-2	4,067798331E-2	8,254371314E-2
9,338230900E-1	1,674975827E-2	-7,657032460E-2	5,742774159E-2	9,716745605E-2
9,350189750E-1	2,632104978E-2	-6,939185411E-2	6,939185411E-2	1,016034276E-1
9,362149130E-1	2,153540403E-2	-5,503492057E-2	6,699903309E-2	8,933916579E-2
9,374107980E-1	1,674975827E-2	-4,307080805E-2	5,742774159E-2	7,371291890E-2
9,386067350E-1	2,632104978E-2	-4,546362907E-2	5,503492057E-2	7,608272939E-2
9,398026730E-1	2,871387079E-2	-6,939185411E-2	5,264209956E-2	9,171099410E-2
9,409985580E-1	2,392822690E-2	-9,092725813E-2	5,982056633E-2	1,114397885E-1
9,421944960E-1	2,392822690E-2	-8,853443712E-2	6,699903309E-2	1,135771854E-1
9,433903810E-1	2,392822690E-2	-7,657032460E-2	6,460621208E-2	1,030026082E-1
9,445863190E-1	1,435693540E-2	-5,742774159E-2	6,221338734E-2	8,587533209E-2
9,457822560E-1	4,785645287E-3	-4,785645381E-2	5,982056633E-2	7,675703699E-2
9,469781420E-1	7,178467698E-3	-5,503492057E-2	6,460621208E-2	8,517238708E-2
9,481740790E-1	7,178467698E-3	-5,982056633E-2	7,178468257E-2	9,371804098E-2
9,493700170E-1	1,674975827E-2	-7,178468257E-2	7,657032460E-2	1,062855101E-1
9,505659020E-1	3,349951655E-2	-7,657032460E-2	8,135596663E-2	1,166362959E-1
9,517618400E-1	3,589234129E-2	-7,417750359E-2	8,135596663E-2	1,157987716E-1
9,529577250E-1	3,349951655E-2	-7,417750359E-2	8,374879509E-2	1,167834763E-1
9,541536630E-1	2,392822690E-2	-6,460621208E-2	8,374879509E-2	1,084453012E-1
9,553496000E-1	1,196411345E-2	-5,982056633E-2	8,853443712E-2	1,075173787E-1
9,565454850E-1	1,435693540E-2	-6,460621208E-2	9,571290761E-2	1,163659955E-1
9,577414230E-1	2,392822690E-2	-6,221338734E-2	1,052841991E-1	1,246107066E-1
9,589373080E-1	1,914258115E-2	-6,699903309E-2	1,076770201E-1	1,282561870E-1
9,601332460E-1	9,571290575E-3	-7,178468257E-2	1,052841991E-1	1,277865910E-1
9,613291830E-1	9,571290575E-3	-6,939185411E-2	1,100698411E-1	1,304691877E-1
9,625250690E-1	1,435693540E-2	-6,699903309E-2	1,268195957E-1	1,441464598E-1
9,637210060E-1	1,914258115E-2	-6,221338734E-2	1,411765367E-1	1,554598292E-1
9,649168920E-1	2,153540403E-2	-6,221338734E-2	1,483550072E-1	1,623067692E-1
9,661128290E-1	2,392822690E-2	-6,460621208E-2	1,531406492E-1	1,679243315E-1
9,673087670E-1	2,392822690E-2	-5,982056633E-2	1,627119333E-1	1,750035240E-1
9,685046520E-1	2,632104978E-2	-5,742774159E-2	1,722832322E-1	1,835000144E-1
9,697005900E-1	2,153540403E-2	-5,982056633E-2	1,842473447E-1	1,949085884E-1
9,708964750E-1	1,435693540E-2	-6,460621208E-2	2,057827413E-1	2,161634124E-1
9,720924130E-1	1,674975827E-2	-5,982056633E-2	2,297109663E-1	2,379625656E-1
9,732883500E-1	2,392822690E-2	-6,699903309E-2	2,488535494E-1	2,588233365E-1
9,744842350E-1	3,349951655E-2	-8,614161611E-2	2,775674164E-1	2,925513054E-1
9,756801730E-1	3,828516230E-2	-9,092725813E-2	3,182454109E-1	3,331871268E-1
9,768760580E-1	3,589234129E-2	-7,896314561E-2	3,684946895E-1	3,785654167E-1
9,780719960E-1	3,828516230E-2	-7,178468257E-2	4,474578202E-1	4,547936841E-1
9,792679330E-1	3,110669367E-2	-7,657032460E-2	5,599204898E-1	5,659872754E-1
9,804638190E-1	3,589234129E-2	-4,785645287E-3	7,154539824E-1	7,163697114E-1
9,816597560E-1	2,069791555E0	7,465606689E0	-8,733802795E0	1,167470049E1
9,828556420E-1	-1,026520967E0	1,690529251E1	-3,308077240E1	3,716423230E1
9,840515790E-1	-2,945564747E0	2,255235291E1	-2,712025261E1	3,539481706E1
9,852474650E-1	-1,505085468E0	1,807538223E1	-8,537590981E0	2,004682481E1
9,864434020E-1	1,813759565E0	4,644468784E0	2,880958557E0	5,758535947E0
9,876393400E-1	-7,302894592E0	-2,062613010E0	2,794338226E1	2,895547019E1
9,888352770E-1	-1,181336498E1	-6,766902447E0	4,383650970E1	4,590191874E1
9,900311630E-1	-1,016231823E1	-2,806781054E0	3,538984680E1	3,692684644E1
9,912271000E-1	-1,817109489E1	-4,689932346E0	7,255038261E0	2,012013259E1
9,924229850E-1	-1,695793343E1	-1,275853062E1	-2,413161659E1	3,213544039E1
9,936189230E-1	-1,146162033E1	-1,029153061E1	-2,263370895E1	2,737826006E1
9,948148600E-1	-5,781059742E0	-5,982056618E0	-1,317966747E1	1,558554740E1
9,960107460E-1	-3,103491068E0	-3,103491068E0	-1,423968792E1	1,490073910E1
9,972066830E-1	-1,390229940E0	-2,079362869E0	-7,477570534E0	7,884830392E0
9,984026210E-1	-6,963114142E-1	-1,155733347E0	-5,726024628E0	5,882850261E0
9,995985580E-1	-2,943171859E-1	-1,007378340E0	-2,816352367E0	3,005540614E0
1,000794444E0	-1,052841991E-1	-6,699903607E-1	-1,931007862E0	2,046646821E0
1,001990381E0	-7,178467698E-3	-6,628118753E-1	-1,026520967E0	1,221931426E0
1,003186267E0	3,349951655E-2	-5,670989752E-1	-5,455635786E-1	7,876313119E-1
1,004382204E0	4,785645381E-2	-5,766702294E-1	-2,608176768E-1	6,347161997E-1
1,005578142E0	3,589234129E-2	-5,814558864E-1	0,000000000E0	5,825626215E-1
1,006774027E0	3,110669367E-2	-5,694918036E-1	-3,349951655E-2	5,713236897E-1
1,007969965E0	3,828516230E-2	-5,766702294E-1	1,914258115E-2	5,782566434E-1
1,009165902E0	2,871387079E-2	-5,575276613E-1	-7,178468257E-2	5,628628787E-1
1,010361788E0	2,153540403E-2	-5,503492355E-1	-5,264209956E-2	5,532804400E-1
1,011557725E0	1,914258115E-2	-5,383850932E-1	-9,332008660E-2	5,467481921E-1
1,012753663E0	-0,000000000E0	-5,766702294E-1	-2,249253243E-1	6,189830006E-1
1,013949548E0	-2,392822690E-2	-5,934200287E-1	-5,623133183E-1	8,178729476E-1
1,015145485E0	-7,417750359E-2	-6,388836503E-1	-1,375872970E0	1,518782752E0
1,016341423E0	-2,225325108E-1	-8,087740541E-1	-3,357130051E0	3,460340788E0
1,017537308E0	-4,689932466E-1	-1,095912814E0	-6,300302029E0	6,412081192E0
1,018733246E0	-7,226324677E-1	-1,289731383E0	-9,032905579E0	9,153086251E0
1,019929131E0	-8,518448472E-1	-1,237089276E0	-1,011206818E1	1,022301092E1
1,021125069E0	-7,848458290E-1	-9,427721500E-1	-9,293723106E0	9,374331522E0
1,022321006E0	-6,053841114E-1	-5,359922647E-1	-7,262216568E0	7,307090195E0
1,023516944E0	-4,283152521E-1	-2,009970993E-1	-5,024927616E0	5,047152795E0
1,024712829E0	-2,919243574E-1	-7,178467698E-3	-3,249453068E0	3,262547563E0
1,025908767E0	-2,105683982E-1	7,417750359E-2	-2,060220242E0	2,072281061E0
1,027104652E0	-1,603191197E-1	9,332008660E-2	-1,330409408E0	1,343279588E0
1,028300590E0	-1,292124242E-1	1,028913707E-1	-9,475577474E-1	9,618462296E-1
1,029496527E0	-1,220339537E-1	1,316052526E-1	-8,757730722E-1	8,939746654E-1
1,030692413E0	-1,196411327E-1	1,770688742E-1	-1,146162033E0	1,165913716E0
1,031888350E0	-1,244267747E-1	2,321037948E-1	-1,689332843E0	1,709736719E0
1,033084288E0	-1,435693651E-1	2,871387303E-1	-2,344966173E0	2,366839066E0
1,034280173E0	-1,818545163E-1	3,062812984E-1	-2,976671457E0	2,997907981E0
1,035476110E0	-2,225325108E-1	2,847459018E-1	-3,493520975E0	3,512163116E0
1,036671996E0	-2,632105052E-1	4,067798331E-2	-3,672982693E0	3,682626282E0
1,037867933E0	-4,307080805E-2	-7,776673436E-1	-9,044869542E-1	1,193615617E0
1,039063871E0	4,067798555E-1	-1,739582062E0	4,333401680E0	4,687215135E0
1,040259756E0	6,771687865E-1	-2,160718918E0	7,752745152E0	8,076652846E0
1,041455694E0	6,652047038E-1	-2,014756680E0	7,903493404E0	8,183333659E0
1,042651631E0	4,570291340E-1	-1,529013634E0	5,886343479E0	6,098835780E0
1,043847517E0	2,201396823E-1	-1,012163997E0	3,534198999E0	3,682865732E0
1,045043454E0	6,221338734E-2	-6,269195080E-1	1,799402595E0	1,906501579E0
1,046239340E0	-1,435693540E-2	-4,067798555E-1	8,709874153E-1	9,614026472E-1
1,047435277E0	-5,264209956E-2	-2,943171859E-1	4,259224236E-1	5,203880355E-1
1,048631215E0	-7,657032460E-2	-2,344966233E-1	2,033899277E-1	3,197172871E-1
1,049827100E0	-8,614161611E-2	-2,057827413E-1	9,571290761E-2	2,427506443E-1
1,051023038E0	-8,135596663E-2	-1,962114573E-1	5,264209956E-2	2,188353717E-1
1,052218923E0	-7,178468257E-2	-1,914258152E-1	3,349951655E-2	2,071692569E-1
1,053414860E0	-7,178468257E-2	-1,818545163E-1	2,392822690E-2	1,969686924E-1
1,054610798E0	-8,374879509E-2	-1,842473447E-1	3,349951655E-2	2,051418103E-1
1,055806683E0	-9,810572863E-2	-1,890329868E-1	4,785645381E-2	2,182852360E-1
1,057002621E0	-1,004985496E-1	-1,986042857E-1	9,332008660E-2	2,413550483E-1
1,058198558E0	-5,742774159E-2	-2,751746178E-1	4,857429862E-1	5,612176622E-1
1,059394444E0	3,110669367E-2	-4,761717021E-1	1,612762451E0	1,681876880E0
1,060590381E0	1,363908947E-1	-7,034898400E-1	3,448057413E0	3,521732579E0
1,061786267E0	1,579262912E-1	-6,939185858E-1	5,436492920E0	5,482875066E0
1,062982204E0	5,264209956E-2	-2,727817893E-1	6,802794933E0	6,808465319E0
1,064178142E0	-1,268195957E-1	3,852444589E-1	6,994220734E0	7,005970324E0
1,065374027E0	-2,536391914E-1	8,303094506E-1	6,099305153E0	6,160784850E0
1,066569965E0	-2,560320199E-1	8,398807645E-1	4,666004181E0	4,747899231E0
1,067765902E0	-1,938186288E-1	6,101697683E-1	3,184846878E0	3,248556979E0
1,068961788E0	-1,316052526E-1	3,517449200E-1	1,981257200E0	2,016537757E0
1,070157725E0	-9,810572863E-2	1,411765367E-1	1,141376376E0	1,154251091E0
1,071353610E0	-7,896314561E-2	9,571290575E-3	6,460621357E-1	6,509401441E-1
1,072549548E0	-4,546362907E-2	-5,742774159E-2	3,972085714E-1	4,039053556E-1
1,073745485E0	-2,632104978E-2	-7,896314561E-2	3,038884699E-1	3,150812247E-1
1,074941371E0	-3,110669367E-2	-5,982056633E-2	3,589234054E-1	3,652015026E-1
1,076137308E0	-5,024927482E-2	1,674975827E-2	6,269195080E-1	6,291530923E-1
1,077333194E0	-1,004985496E-1	1,890329868E-1	1,210768223E0	1,229549966E0
1,078529131E0	-1,746760458E-1	4,833501875E-1	2,155933142E0	2,216345378E0
1,079725069E0	-2,488535494E-1	8,518448472E-1	3,402593851E0	3,516420431E0
1,080920954E0	-3,014956415E-1	1,196411371E0	4,606183529E0	4,768566503E0
1,082116892E0	-3,278166950E-1	1,402194023E0	5,271388054E0	5,464535102E0
1,083312777E0	-3,278166950E-1	1,395015597E0	5,115854740E0	5,312767831E0
1,084508715E0	-3,014956415E-1	1,217946768E0	4,297509670E0	4,476927888E0
1,085704652E0	-2,536391914E-1	9,858429432E-1	3,242274761E0	3,398317933E0
1,086900538E0	-1,818545163E-1	9,523434043E-1	2,076970100E0	2,292124304E0
1,088096475E0	-5,264209956E-2	1,347159147E0	1,076770201E-1	1,352480425E0
1,089292413E0	9,332008660E-2	1,993221283E0	-3,522234917E0	4,048182127E0
1,090488298E0	2,464607358E-1	2,488535643E0	-7,551748276E0	7,955026999E0
1,091684235E0	3,541377485E-1	2,390429735E0	-9,310472488E0	9,618963864E0
1,092880121E0	3,493520916E-1	1,672582984E0	-8,044670105E0	8,224129001E0
1,094076058E0	2,823530734E-1	8,039883971E-1	-5,268995285E0	5,337455566E0
1,095271996E0	1,962114573E-1	1,220339537E-1	-2,806781054E0	2,816276106E0
1,096467881E0	1,268195957E-1	-2,847459018E-1	-1,289731383E0	1,326864906E0
1,097663819E0	7,417750359E-2	-4,881358147E-1	-4,139583111E-1	6,443138668E-1
1,098859704E0	4,307080805E-2	-5,910272002E-1	1,818545163E-1	6,198703985E-1
1,100055642E0	2,871387079E-2	-6,173482537E-1	7,178468108E-1	9,472314377E-1
1,101251579E0	7,393822074E-1	2,129612118E-1	1,366301775E0	1,568062201E0
1,102447465E0	8,039883614E0	3,438486099E0	7,484749317E0	1,151018625E1
1,103643402E0	2,762753105E1	2,254039049E0	2,881437111E1	3,998286066E1
1,104839288E0	3,429872131E1	-7,372286797E0	5,287181091E1	6,345219685E1
1,106035225E0	2,370330048E1	-1,185643578E1	6,445307159E1	6,968945373E1
1,107231163E0	1,450529099E1	-8,238488197E0	5,141697311E1	5,405535384E1
1,108427048E0	7,190432072E0	-4,252045631E0	2,493799782E1	2,629992282E1
1,109622985E0	3,534198999E0	-2,105684042E0	1,185882950E1	1,255214344E1
1,110818871E0	1,744367719E0	-1,134197950E0	6,226124287E0	6,564590418E0
1,112014808E0	9,140582681E-1	-5,455635786E-1	3,500699520E0	3,658966967E0
1,113210746E0	6,125625968E-1	-5,431707501E-1	3,969692707E0	4,053236680E0
1,114406631E0	1,150947690E0	-1,122233868E0	9,963713646E0	1,009255563E1
1,115602569E0	1,715653777E0	-2,093719721E0	1,666600990E1	1,688440157E1
1,116798506E0	1,330409408E0	-2,007578135E0	1,336630726E1	1,358155105E1
1,117994392E0	6,293123364E-1	-1,306481123E0	6,384050846E0	6,546681002E0
1,119190329E0	2,536391914E-1	-7,202396393E-1	2,653640270E0	2,761319370E0
1,120386215E0	1,052841991E-1	-4,115654826E-1	1,153340459E0	1,229091178E0
1,121582152E0	5,024927482E-2	-2,608176768E-1	5,647061467E-1	6,240543905E-1
1,122778090E0	2,871387079E-2	-1,866401732E-1	4,450650215E-1	4,834686277E-1
1,123973975E0	4,785645287E-3	-1,459621787E-1	5,383850932E-1	5,578408094E-1
1,125169913E0	-2,392822690E-2	-1,627119333E-1	7,872386575E-1	8,042340686E-1
1,126365798E0	-1,076770201E-1	-3,708875179E-1	1,124626637E0	1,189090814E0
1,127561735E0	-3,421736360E-1	-7,417750359E-1	1,141376376E0	1,403585777E0
1,128757673E0	-6,508477330E-1	-8,542376757E-1	5,312066078E-1	1,198125719E0
1,129953558E0	-7,633104324E-1	-4,666004181E-1	-3,493520916E-1	9,604195179E-1
1,131149496E0	-6,101697683E-1	5,982056633E-2	-6,819544435E-1	9,170319020E-1
1,132345381E0	-3,804588020E-1	3,852444589E-1	-4,522434771E-1	7,054688907E-1
1,133541319E0	-2,273181528E-1	4,809573591E-1	-8,614161611E-2	5,389006419E-1
1,134737204E0	-1,818545163E-1	4,235295951E-1	3,038884699E-1	5,520838570E-1
1,135933142E0	-2,177468538E-1	3,541377485E-1	7,202396393E-1	8,316083064E-1
1,137129079E0	-3,086741269E-1	3,230310678E-1	1,325623751E0	1,398894962E0
1,138324965E0	-4,570291340E-1	3,876372576E-1	2,411965132E0	2,485299594E0
1,139520902E0	-7,322037220E-1	6,269195080E-1	4,596612453E0	4,696594128E0
1,140716840E0	-1,335195065E0	1,708475351E0	1,202154064E1	1,221552591E1
1,141912725E0	-3,364308596E0	3,318845034E0	3,143211746E1	3,178539465E1
1,143108663E0	-5,419743061E0	3,172882795E0	4,824409103E1	4,865113688E1
1,144304548E0	-4,981856823E0	1,450050473E0	4,397050858E1	4,427558208E1
1,145500485E0	-3,160918713E0	1,627119333E-1	2,774717140E1	2,792710875E1
1,146696423E0	-1,739582062E0	-3,852444589E-1	1,415833187E1	1,427000072E1
1,147892308E0	-9,403793216E-1	-6,029912829E-1	7,025327206E0	7,113587991E0
1,149088246E0	-2,727817893E-1	-7,417750359E-1	4,022335052E0	4,099246197E0
1,150284131E0	4,067798555E-1	-7,489534616E-1	2,837887764E0	2,963107845E0
1,151480069E0	9,738788009E-1	-5,168496966E-1	2,440679073E0	2,678150083E0
1,152676006E0	1,371087432E0	-1,411765367E-1	2,517249346E0	2,869905195E0
1,153871892E0	1,564906001E0	2,177468538E-1	2,981456995E0	3,374230327E0
1,155067829E0	1,603191137E0	4,474578202E-1	3,790230989E0	4,139600376E0
1,156263715E0	1,564906001E0	5,120640397E-1	5,048855782E0	5,310563537E0
1,157459652E0	1,507478237E0	4,043870270E-1	7,479963779E0	7,641065217E0
1,158655590E0	1,222732425E0	1,076770201E-1	1,178704453E1	1,185078426E1
1,159851475E0	4,666004181E-1	-3,014956415E-1	1,651047707E1	1,651982047E1
1,161047413E0	-5,024927258E-1	-6,628118753E-1	1,857308960E1	1,859170449E1
1,162243298E0	-1,141376376E0	-8,159525394E-1	1,687418556E1	1,693241439E1
1,163439235E0	-1,241874933E0	-6,747759581E-1	1,335912895E1	1,343368536E1
1,164635173E0	-9,643075466E-1	-3,062812984E-1	1,041356373E1	1,046260038E1
1,165831058E0	-4,570291340E-1	9,571290761E-2	8,925228119E0	8,937434395E0
1,167026996E0	8,135596663E-2	3,924229145E-1	8,676374435E0	8,685625359E0
1,168222933E0	3,589234054E-1	5,288137794E-1	9,221938133E0	9,244058252E0
1,169418819E0	1,986042857E-1	4,570291340E-1	1,008574772E1	1,009805062E1
1,170614756E0	-2,536391914E-1	2,153540403E-1	1,090170002E1	1,090677650E1
1,171810642E0	-6,604190469E-1	-6,460621208E-2	1,145444202E1	1,147364673E1
1,173006579E0	-7,920243144E-1	-2,033899277E-1	1,161236858E1	1,164112426E1
1,174202465E0	-6,508477330E-1	-9,092725813E-2	1,132762241E1	1,134666912E1
1,175398402E0	-4,019941986E-1	1,483550072E-1	1,071745300E1	1,072601545E1
1,176594340E0	-1,674975902E-1	2,703889608E-1	1,002831936E1	1,003336209E1
1,177790225E0	4,785645287E-3	1,842473447E-1	9,533005714E0	9,534787252E0
1,178986163E0	9,332008660E-2	-2,392822644E-3	9,372686386E0	9,373151255E0
1,180182048E0	1,172483116E-1	-1,244267747E-1	9,475577354E0	9,477119572E0
1,181377985E0	1,244267747E-1	-1,268195957E-1	9,643074989E0	9,644711529E0
1,182573923E0	1,603191197E-1	-1,004985496E-1	9,702896118E0	9,704740865E0
1,183769808E0	2,321037948E-1	-1,459621787E-1	9,635896683E0	9,639796783E0
1,184965746E0	2,895315289E-1	-2,464607358E-1	9,535398483E0	9,542976246E0
1,186161683E0	2,967100143E-1	-2,967100143E-1	9,477970123E0	9,487254151E0
1,187357569E0	2,943171859E-1	-2,560320199E-1	9,413364410E0	9,421443866E0
1,188553506E0	2,943171859E-1	-1,674975902E-1	9,269794464E0	9,275977978E0
1,189749392E0	2,727817893E-1	-1,076770201E-1	9,102297783E0	9,107020873E0
1,190945329E0	2,153540403E-1	-9,332008660E-2	9,090332985E0	9,093362402E0
1,192141215E0	1,651047617E-1	-6,460621208E-2	9,336793900E0	9,338477064E0
1,193337152E0	1,674975902E-1	-1,914258115E-2	9,741181374E0	9,742640116E0
1,194533090E0	1,962114573E-1	2,871387079E-2	1,002114105E1	1,002310288E1
1,195728975E0	1,914258152E-1	5,742774159E-2	9,982855797E0	9,984856116E0
1,196924913E0	1,363908947E-1	8,853443712E-2	9,722038269E0	9,723398013E0
1,198120850E0	8,853443712E-2	1,435693651E-1	9,480362892E0	9,481863270E0
1,199316735E0	9,571290761E-2	2,033899277E-1	9,365508080E0	9,368205272E0